run,regime,slots,d_model,dropout,alpha,seed,best_val_loss,epochs_run,all_acc,reg_acc,irr_acc,balanced_acc,reg_n,irr_n,wug_reg,wug_reg_n,wug_irr,wug_irr_n
v20_noslot_d128_dr0p1_a0p25_s1,natural,False,128,0.1,0.25,1,0.14773620693729475,124,0.8346,0.8675,0.2,0.5338,385,20,50,90,0,90
v20_noslot_d128_dr0p1_a0p25_s2,natural,False,128,0.1,0.25,2,0.1308927581860469,114,0.8123,0.8472,0.1053,0.4762,386,19,44,90,0,90
v20_noslot_d128_dr0p1_a0p25_s3,natural,False,128,0.1,0.25,3,0.1261436750109379,163,0.8593,0.8895,0.1875,0.5385,389,16,42,90,1,90
v20_noslot_d128_dr0p1_a0p5_s1,natural,False,128,0.1,0.5,1,0.12072665702838165,111,0.8765,0.9091,0.2,0.5545,385,20,48,90,0,90
v20_noslot_d128_dr0p1_a0p5_s2,natural,False,128,0.1,0.5,2,0.1053889813618018,127,0.8741,0.9119,0.1053,0.5086,386,19,45,90,2,90
v20_noslot_d128_dr0p1_a0p5_s3,natural,False,128,0.1,0.5,3,0.10402854044850056,110,0.8741,0.9075,0.125,0.5162,389,16,46,90,1,90
v20_noslot_d128_dr0p1_a1_s1,natural,False,128,0.1,1.0,1,0.10308139284069721,82,0.9012,0.9351,0.25,0.5925,385,20,45,90,2,90
v20_noslot_d128_dr0p1_a1_s2,natural,False,128,0.1,1.0,2,0.08793044369667768,76,0.8914,0.9301,0.1053,0.5177,386,19,53,90,1,90
v20_noslot_d128_dr0p1_a1_s3,natural,False,128,0.1,1.0,3,0.0842778883390845,119,0.9259,0.9589,0.1875,0.5732,389,16,51,90,2,90
v20_noslot_d128_dr0p1_a2_s1,natural,False,128,0.1,2.0,1,0.08721868034738761,57,0.9185,0.9532,0.3,0.6266,385,20,59,90,0,90
v20_noslot_d128_dr0p1_a2_s2,natural,False,128,0.1,2.0,2,0.07212569772337492,66,0.9136,0.9534,0.1053,0.5293,386,19,50,90,1,90
v20_noslot_d128_dr0p1_a2_s3,natural,False,128,0.1,2.0,3,0.07247341649893385,61,0.9086,0.9486,0.0,0.4743,389,16,56,90,1,90
v20_noslot_d128_dr0p2_a0p25_s1,natural,False,128,0.2,0.25,1,0.10071868764666411,146,0.8938,0.9273,0.25,0.5886,385,20,51,90,2,90
v20_noslot_d128_dr0p2_a0p25_s2,natural,False,128,0.2,0.25,2,0.09298961108120588,190,0.879,0.9171,0.1053,0.5112,386,19,51,90,0,90
v20_noslot_d128_dr0p2_a0p25_s3,natural,False,128,0.2,0.25,3,0.08297521606660806,163,0.9012,0.9357,0.0625,0.4991,389,16,53,90,0,90
v20_noslot_d128_dr0p2_a0p5_s1,natural,False,128,0.2,0.5,1,0.09084239788353443,113,0.9037,0.9429,0.25,0.5964,385,20,48,90,0,90
v20_noslot_d128_dr0p2_a0p5_s2,natural,False,128,0.2,0.5,2,0.06773087590073164,153,0.9185,0.9585,0.1053,0.5319,386,19,48,90,2,90
v20_noslot_d128_dr0p2_a0p5_s3,natural,False,128,0.2,0.5,3,0.08298413211909625,107,0.9012,0.9357,0.0625,0.4991,389,16,48,90,0,90
v20_noslot_d128_dr0p2_a1_s1,natural,False,128,0.2,1.0,1,0.09635465850050633,67,0.9062,0.9403,0.25,0.5951,385,20,52,90,0,90
v20_noslot_d128_dr0p2_a1_s2,natural,False,128,0.2,1.0,2,0.06507032944892462,90,0.9037,0.943,0.1053,0.5241,386,19,51,90,0,90
v20_noslot_d128_dr0p2_a1_s3,natural,False,128,0.2,1.0,3,0.07070320658385754,79,0.921,0.9512,0.125,0.5381,389,16,51,90,0,90
v20_noslot_d128_dr0p2_a2_s1,natural,False,128,0.2,2.0,1,0.08766411287853351,74,0.9309,0.9662,0.25,0.6081,385,20,56,90,2,90
v20_noslot_d128_dr0p2_a2_s2,natural,False,128,0.2,2.0,2,0.04925721583780474,107,0.9358,0.9689,0.2105,0.5897,386,19,56,90,0,90
v20_noslot_d128_dr0p2_a2_s3,natural,False,128,0.2,2.0,3,0.05907715946579209,120,0.9235,0.9614,0.1875,0.5745,389,16,53,90,3,90
v20_noslot_d128_dr0p3_a0p25_s1,natural,False,128,0.3,0.25,1,0.0930900016369728,159,0.9111,0.9481,0.25,0.599,385,20,52,90,0,90
v20_noslot_d128_dr0p3_a0p25_s2,natural,False,128,0.3,0.25,2,0.06214889790862799,170,0.9086,0.9456,0.1579,0.5517,386,19,50,90,0,90
v20_noslot_d128_dr0p3_a0p25_s3,natural,False,128,0.3,0.25,3,0.06266915755203137,163,0.9012,0.9332,0.125,0.5291,389,16,48,90,1,90
v20_noslot_d128_dr0p3_a0p5_s1,natural,False,128,0.3,0.5,1,0.08600841319331756,111,0.9111,0.9455,0.25,0.5977,385,20,46,90,1,90
v20_noslot_d128_dr0p3_a0p5_s2,natural,False,128,0.3,0.5,2,0.06440937236094704,123,0.9062,0.943,0.1579,0.5504,386,19,52,90,0,90
v20_noslot_d128_dr0p3_a0p5_s3,natural,False,128,0.3,0.5,3,0.05102333021708406,177,0.9062,0.9383,0.125,0.5317,389,16,57,90,0,90
v20_noslot_d128_dr0p3_a1_s1,natural,False,128,0.3,1.0,1,0.07679497722822887,98,0.921,0.9558,0.25,0.6029,385,20,51,90,2,90
v20_noslot_d128_dr0p3_a1_s2,natural,False,128,0.3,1.0,2,0.06500020057249528,87,0.9333,0.9767,0.0526,0.5147,386,19,55,90,0,90
v20_noslot_d128_dr0p3_a1_s3,natural,False,128,0.3,1.0,3,0.05722415812600117,104,0.9235,0.9614,0.0,0.4807,389,16,53,90,0,90
v20_noslot_d128_dr0p3_a2_s1,natural,False,128,0.3,2.0,1,0.07713435747875617,117,0.9284,0.9558,0.3,0.6279,385,20,52,90,0,90
v20_noslot_d128_dr0p3_a2_s2,natural,False,128,0.3,2.0,2,0.05283643033068914,102,0.916,0.956,0.1053,0.5306,386,19,55,90,0,90
v20_noslot_d128_dr0p3_a2_s3,natural,False,128,0.3,2.0,3,0.05020319702676856,122,0.9111,0.946,0.0625,0.5043,389,16,57,90,1,90
v20_noslot_d64_dr0p1_a0p25_s1,natural,False,64,0.1,0.25,1,0.10472023307990569,150,0.8815,0.9143,0.25,0.5821,385,20,51,90,0,90
v20_noslot_d64_dr0p1_a0p25_s2,natural,False,64,0.1,0.25,2,0.10142516258817452,152,0.8741,0.9093,0.1053,0.5073,386,19,43,90,1,90
v20_noslot_d64_dr0p1_a0p25_s3,natural,False,64,0.1,0.25,3,0.10167457886899893,160,0.8938,0.928,0.125,0.5265,389,16,49,90,0,90
v20_noslot_d64_dr0p1_a0p5_s1,natural,False,64,0.1,0.5,1,0.10602951837846866,154,0.9235,0.9532,0.3,0.6266,385,20,58,90,0,90
v20_noslot_d64_dr0p1_a0p5_s2,natural,False,64,0.1,0.5,2,0.08694788856575122,112,0.8938,0.9326,0.1053,0.519,386,19,50,90,0,90
v20_noslot_d64_dr0p1_a0p5_s3,natural,False,64,0.1,0.5,3,0.06736047433402675,137,0.916,0.9512,0.0625,0.5068,389,16,49,90,1,90
v20_noslot_d64_dr0p1_a1_s1,natural,False,64,0.1,1.0,1,0.0748236277498878,123,0.9259,0.961,0.3,0.6305,385,20,52,90,2,90
v20_noslot_d64_dr0p1_a1_s2,natural,False,64,0.1,1.0,2,0.05623272931776368,115,0.9309,0.9741,0.1579,0.566,386,19,59,90,0,90
v20_noslot_d64_dr0p1_a1_s3,natural,False,64,0.1,1.0,3,0.06517916167369829,104,0.9185,0.9537,0.0625,0.5081,389,16,59,90,0,90
v20_noslot_d64_dr0p1_a2_s1,natural,False,64,0.1,2.0,1,0.08213351810207734,54,0.9086,0.9403,0.2,0.5701,385,20,55,90,2,90
v20_noslot_d64_dr0p1_a2_s2,natural,False,64,0.1,2.0,2,0.059190754778683186,59,0.9259,0.9637,0.1053,0.5345,386,19,53,90,0,90
v20_noslot_d64_dr0p1_a2_s3,natural,False,64,0.1,2.0,3,0.06340004518055,61,0.9309,0.9717,0.0,0.4859,389,16,56,90,1,90
v20_noslot_d64_dr0p2_a0p25_s1,natural,False,64,0.2,0.25,1,0.08825952982386717,168,0.9259,0.9558,0.3,0.6279,385,20,55,90,2,90
v20_noslot_d64_dr0p2_a0p25_s2,natural,False,64,0.2,0.25,2,0.06400365926898442,200,0.9086,0.9456,0.1053,0.5254,386,19,50,90,0,90
v20_noslot_d64_dr0p2_a0p25_s3,natural,False,64,0.2,0.25,3,0.06735149333969905,200,0.9185,0.9589,0.0,0.4794,389,16,52,90,0,90
v20_noslot_d64_dr0p2_a0p5_s1,natural,False,64,0.2,0.5,1,0.08984485662613924,125,0.9136,0.9429,0.3,0.6214,385,20,51,90,0,90
v20_noslot_d64_dr0p2_a0p5_s2,natural,False,64,0.2,0.5,2,0.04875787583967814,190,0.916,0.9534,0.1579,0.5556,386,19,44,90,0,90
v20_noslot_d64_dr0p2_a0p5_s3,natural,False,64,0.2,0.5,3,0.06232809776870104,175,0.9407,0.9769,0.0625,0.5197,389,16,49,90,1,90
v20_noslot_d64_dr0p2_a1_s1,natural,False,64,0.2,1.0,1,0.07991622144786212,121,0.9457,0.9792,0.3,0.6396,385,20,55,90,0,90
v20_noslot_d64_dr0p2_a1_s2,natural,False,64,0.2,1.0,2,0.05892405157478956,135,0.9259,0.9663,0.1053,0.5358,386,19,53,90,0,90
v20_noslot_d64_dr0p2_a1_s3,natural,False,64,0.2,1.0,3,0.05552931223064661,107,0.9259,0.964,0.0,0.482,389,16,53,90,0,90
v20_noslot_d64_dr0p2_a2_s1,natural,False,64,0.2,2.0,1,0.07962682399039085,90,0.9407,0.9792,0.2,0.5896,385,20,56,90,0,90
v20_noslot_d64_dr0p2_a2_s2,natural,False,64,0.2,2.0,2,0.0451962139027623,136,0.9309,0.9715,0.1053,0.5384,386,19,56,90,0,90
v20_noslot_d64_dr0p2_a2_s3,natural,False,64,0.2,2.0,3,0.05213195708795236,107,0.9185,0.9563,0.0625,0.5094,389,16,55,90,1,90
v20_noslot_d64_dr0p3_a0p25_s1,natural,False,64,0.3,0.25,1,0.08223698273874246,173,0.9111,0.9403,0.3,0.6201,385,20,51,90,0,90
v20_noslot_d64_dr0p3_a0p25_s2,natural,False,64,0.3,0.25,2,0.06527721788734198,180,0.8988,0.9404,0.0526,0.4965,386,19,49,90,0,90
v20_noslot_d64_dr0p3_a0p25_s3,natural,False,64,0.3,0.25,3,0.06288271547796634,200,0.9062,0.9409,0.0625,0.5017,389,16,44,90,1,90
v20_noslot_d64_dr0p3_a0p5_s1,natural,False,64,0.3,0.5,1,0.08321829412419063,145,0.9309,0.9688,0.2,0.5844,385,20,50,90,0,90
v20_noslot_d64_dr0p3_a0p5_s2,natural,False,64,0.3,0.5,2,0.05829408052019202,164,0.9235,0.9637,0.1053,0.5345,386,19,53,90,1,90
v20_noslot_d64_dr0p3_a0p5_s3,natural,False,64,0.3,0.5,3,0.06205041932228666,189,0.9185,0.9537,0.0625,0.5081,389,16,49,90,0,90
v20_noslot_d64_dr0p3_a1_s1,natural,False,64,0.3,1.0,1,0.0870086050664003,105,0.9185,0.9558,0.2,0.5779,385,20,54,90,1,90
v20_noslot_d64_dr0p3_a1_s2,natural,False,64,0.3,1.0,2,0.05238064887145391,128,0.9185,0.9585,0.1053,0.5319,386,19,52,90,0,90
v20_noslot_d64_dr0p3_a1_s3,natural,False,64,0.3,1.0,3,0.052658834852851354,166,0.916,0.9537,0.0,0.4769,389,16,58,90,0,90
v20_noslot_d64_dr0p3_a2_s1,natural,False,64,0.3,2.0,1,0.08166386294536866,113,0.9284,0.9714,0.2,0.5857,385,20,57,90,1,90
v20_noslot_d64_dr0p3_a2_s2,natural,False,64,0.3,2.0,2,0.045887427404522896,145,0.9111,0.9508,0.1053,0.528,386,19,52,90,1,90
v20_noslot_d64_dr0p3_a2_s3,natural,False,64,0.3,2.0,3,0.061372491817634836,122,0.9235,0.9614,0.0,0.4807,389,16,54,90,1,90
v20_oversample_noslot_d128_dr0p1_a0p25_s1,oversample,False,128,0.1,0.25,1,0.15972718137961167,68,0.8222,0.8571,0.2,0.5286,385,20,43,90,2,90
v20_oversample_noslot_d128_dr0p1_a0p25_s2,oversample,False,128,0.1,0.25,2,0.09015268166191302,130,0.8889,0.9249,0.1053,0.5151,386,19,51,90,0,90
v20_oversample_noslot_d128_dr0p1_a0p25_s3,oversample,False,128,0.1,0.25,3,0.10674209392163903,125,0.916,0.9512,0.125,0.5381,389,16,53,90,0,90
v20_oversample_noslot_d128_dr0p1_a0p5_s1,oversample,False,128,0.1,0.5,1,0.1143574770539999,65,0.8864,0.9221,0.25,0.586,385,20,49,90,3,90
v20_oversample_noslot_d128_dr0p1_a0p5_s2,oversample,False,128,0.1,0.5,2,0.07883358607068658,135,0.9136,0.9534,0.1053,0.5293,386,19,52,90,0,90
v20_oversample_noslot_d128_dr0p1_a0p5_s3,oversample,False,128,0.1,0.5,3,0.09246643111467935,96,0.9062,0.9409,0.0625,0.5017,389,16,53,90,1,90
v20_oversample_noslot_d128_dr0p1_a1_s1,oversample,False,128,0.1,1.0,1,0.10797011483317384,75,0.921,0.9532,0.3,0.6266,385,20,54,90,2,90
v20_oversample_noslot_d128_dr0p1_a1_s2,oversample,False,128,0.1,1.0,2,0.0699199338694318,104,0.916,0.9585,0.1053,0.5319,386,19,46,90,2,90
v20_oversample_noslot_d128_dr0p1_a1_s3,oversample,False,128,0.1,1.0,3,0.08178008186559264,99,0.9309,0.9614,0.25,0.6057,389,16,56,90,1,90
v20_oversample_noslot_d128_dr0p1_a2_s1,oversample,False,128,0.1,2.0,1,0.09313794554999241,48,0.9284,0.9584,0.25,0.6042,385,20,60,90,0,90
v20_oversample_noslot_d128_dr0p1_a2_s2,oversample,False,128,0.1,2.0,2,0.07095790915907575,55,0.9111,0.9482,0.1579,0.553,386,19,47,90,0,90
v20_oversample_noslot_d128_dr0p1_a2_s3,oversample,False,128,0.1,2.0,3,0.07223106763110711,44,0.9086,0.9486,0.0625,0.5055,389,16,53,90,0,90
v20_oversample_noslot_d128_dr0p2_a0p25_s1,oversample,False,128,0.2,0.25,1,0.10857260700028676,82,0.8765,0.9065,0.3,0.6032,385,20,50,90,7,90
v20_oversample_noslot_d128_dr0p2_a0p25_s2,oversample,False,128,0.2,0.25,2,0.08220981294289231,105,0.8889,0.9275,0.1579,0.5427,386,19,43,90,4,90
v20_oversample_noslot_d128_dr0p2_a0p25_s3,oversample,False,128,0.2,0.25,3,0.08820514599434458,102,0.9086,0.9357,0.3125,0.6241,389,16,48,90,2,90
v20_oversample_noslot_d128_dr0p2_a0p5_s1,oversample,False,128,0.2,0.5,1,0.10523191839456558,91,0.9012,0.9325,0.3,0.6162,385,20,48,90,4,90
v20_oversample_noslot_d128_dr0p2_a0p5_s2,oversample,False,128,0.2,0.5,2,0.09048471141320008,84,0.8963,0.9326,0.1579,0.5453,386,19,50,90,0,90
v20_oversample_noslot_d128_dr0p2_a0p5_s3,oversample,False,128,0.2,0.5,3,0.08688933549162287,80,0.9062,0.9306,0.3125,0.6215,389,16,48,90,4,90
v20_oversample_noslot_d128_dr0p2_a1_s1,oversample,False,128,0.2,1.0,1,0.09656765670157395,49,0.8741,0.9013,0.35,0.6256,385,20,50,90,4,90
v20_oversample_noslot_d128_dr0p2_a1_s2,oversample,False,128,0.2,1.0,2,0.06648946739733219,65,0.9037,0.9404,0.1579,0.5492,386,19,46,90,2,90
v20_oversample_noslot_d128_dr0p2_a1_s3,oversample,False,128,0.2,1.0,3,0.08321292404658519,62,0.9111,0.946,0.1875,0.5668,389,16,51,90,3,90
v20_oversample_noslot_d128_dr0p2_a2_s1,oversample,False,128,0.2,2.0,1,0.0992387904284092,52,0.9185,0.9481,0.35,0.649,385,20,50,90,7,90
v20_oversample_noslot_d128_dr0p2_a2_s2,oversample,False,128,0.2,2.0,2,0.07017676474956366,47,0.8963,0.9326,0.2105,0.5716,386,19,40,90,2,90
v20_oversample_noslot_d128_dr0p2_a2_s3,oversample,False,128,0.2,2.0,3,0.07223008180825183,62,0.9037,0.9383,0.1875,0.5629,389,16,49,90,0,90
v20_oversample_noslot_d128_dr0p3_a0p25_s1,oversample,False,128,0.3,0.25,1,0.10408678708168176,105,0.8914,0.9195,0.35,0.6347,385,20,45,90,5,90
v20_oversample_noslot_d128_dr0p3_a0p25_s2,oversample,False,128,0.3,0.25,2,0.07673809521545011,122,0.9012,0.9378,0.1579,0.5479,386,19,45,90,4,90
v20_oversample_noslot_d128_dr0p3_a0p25_s3,oversample,False,128,0.3,0.25,3,0.08109609961796266,112,0.9136,0.9332,0.4375,0.6853,389,16,51,90,1,90
v20_oversample_noslot_d128_dr0p3_a0p5_s1,oversample,False,128,0.3,0.5,1,0.098623934130256,90,0.9037,0.9299,0.4,0.6649,385,20,47,90,3,90
v20_oversample_noslot_d128_dr0p3_a0p5_s2,oversample,False,128,0.3,0.5,2,0.07547143724961923,91,0.9111,0.9456,0.2105,0.5781,386,19,42,90,3,90
v20_oversample_noslot_d128_dr0p3_a0p5_s3,oversample,False,128,0.3,0.5,3,0.06821497476014954,83,0.9086,0.928,0.4375,0.6828,389,16,49,90,4,90
v20_oversample_noslot_d128_dr0p3_a1_s1,oversample,False,128,0.3,1.0,1,0.11176358163356781,97,0.9185,0.9506,0.35,0.6503,385,20,53,90,1,90
v20_oversample_noslot_d128_dr0p3_a1_s2,oversample,False,128,0.3,1.0,2,0.07776639259491976,62,0.8642,0.8964,0.1579,0.5271,386,19,40,90,0,90
v20_oversample_noslot_d128_dr0p3_a1_s3,oversample,False,128,0.3,1.0,3,0.07732241514783639,82,0.8815,0.8997,0.4375,0.6686,389,16,43,90,4,90
v20_oversample_noslot_d128_dr0p3_a2_s1,oversample,False,128,0.3,2.0,1,0.11445211432874203,72,0.8938,0.9247,0.3,0.6123,385,20,48,90,5,90
v20_oversample_noslot_d128_dr0p3_a2_s2,oversample,False,128,0.3,2.0,2,0.07014133473141836,78,0.8938,0.9326,0.1579,0.5453,386,19,47,90,1,90
v20_oversample_noslot_d128_dr0p3_a2_s3,oversample,False,128,0.3,2.0,3,0.06635739801165003,69,0.8988,0.9177,0.4375,0.6776,389,16,43,90,6,90
v20_oversample_noslot_d64_dr0p1_a0p25_s1,oversample,False,64,0.1,0.25,1,0.10836215317249298,99,0.8938,0.9273,0.3,0.6136,385,20,50,90,0,90
v20_oversample_noslot_d64_dr0p1_a0p25_s2,oversample,False,64,0.1,0.25,2,0.08997475613768284,121,0.884,0.9145,0.2105,0.5625,386,19,48,90,0,90
v20_oversample_noslot_d64_dr0p1_a0p25_s3,oversample,False,64,0.1,0.25,3,0.08732381384246625,108,0.8988,0.928,0.1875,0.5578,389,16,49,90,5,90
v20_oversample_noslot_d64_dr0p1_a0p5_s1,oversample,False,64,0.1,0.5,1,0.09517333018951692,116,0.9235,0.9558,0.25,0.6029,385,20,48,90,3,90
v20_oversample_noslot_d64_dr0p1_a0p5_s2,oversample,False,64,0.1,0.5,2,0.0891030072234571,145,0.9235,0.9611,0.1053,0.5332,386,19,51,90,3,90
v20_oversample_noslot_d64_dr0p1_a0p5_s3,oversample,False,64,0.1,0.5,3,0.09210768435150385,100,0.9111,0.9357,0.3125,0.6241,389,16,53,90,2,90
v20_oversample_noslot_d64_dr0p1_a1_s1,oversample,False,64,0.1,1.0,1,0.11233298702595326,60,0.9111,0.9429,0.3,0.6214,385,20,49,90,5,90
v20_oversample_noslot_d64_dr0p1_a1_s2,oversample,False,64,0.1,1.0,2,0.07291733099219318,73,0.8938,0.9326,0.1053,0.519,386,19,52,90,1,90
v20_oversample_noslot_d64_dr0p1_a1_s3,oversample,False,64,0.1,1.0,3,0.09357227542652534,57,0.8988,0.9254,0.25,0.5877,389,16,42,90,3,90
v20_oversample_noslot_d64_dr0p1_a2_s1,oversample,False,64,0.1,2.0,1,0.09068192412646917,58,0.9259,0.9558,0.35,0.6529,385,20,55,90,2,90
v20_oversample_noslot_d64_dr0p1_a2_s2,oversample,False,64,0.1,2.0,2,0.07303096007448263,61,0.921,0.9611,0.1053,0.5332,386,19,51,90,3,90
v20_oversample_noslot_d64_dr0p1_a2_s3,oversample,False,64,0.1,2.0,3,0.07498510232051978,61,0.916,0.946,0.1875,0.5668,389,16,54,90,2,90
v20_oversample_noslot_d64_dr0p2_a0p25_s1,oversample,False,64,0.2,0.25,1,0.10572314835511722,136,0.9235,0.9584,0.3,0.6292,385,20,47,90,4,90
v20_oversample_noslot_d64_dr0p2_a0p25_s2,oversample,False,64,0.2,0.25,2,0.07124649038395056,106,0.879,0.9145,0.1579,0.5362,386,19,49,90,2,90
v20_oversample_noslot_d64_dr0p2_a0p25_s3,oversample,False,64,0.2,0.25,3,0.08298958092927933,106,0.916,0.9383,0.4375,0.6879,389,16,49,90,3,90
v20_oversample_noslot_d64_dr0p2_a0p5_s1,oversample,False,64,0.2,0.5,1,0.10801372906336418,103,0.8938,0.9247,0.3,0.6123,385,20,48,90,6,90
v20_oversample_noslot_d64_dr0p2_a0p5_s2,oversample,False,64,0.2,0.5,2,0.07955908208476523,120,0.9086,0.9456,0.1053,0.5254,386,19,47,90,1,90
v20_oversample_noslot_d64_dr0p2_a0p5_s3,oversample,False,64,0.2,0.5,3,0.07348005326751333,98,0.921,0.9434,0.375,0.6592,389,16,39,90,6,90
v20_oversample_noslot_d64_dr0p2_a1_s1,oversample,False,64,0.2,1.0,1,0.1016272405305734,72,0.8889,0.9195,0.3,0.6097,385,20,41,90,4,90
v20_oversample_noslot_d64_dr0p2_a1_s2,oversample,False,64,0.2,1.0,2,0.07295354498693576,106,0.8988,0.9326,0.1579,0.5453,386,19,45,90,3,90
v20_oversample_noslot_d64_dr0p2_a1_s3,oversample,False,64,0.2,1.0,3,0.07341084763622628,105,0.9284,0.9537,0.3125,0.6331,389,16,50,90,4,90
v20_oversample_noslot_d64_dr0p2_a2_s1,oversample,False,64,0.2,2.0,1,0.1190575799689843,61,0.8568,0.8857,0.25,0.5679,385,20,39,90,9,90
v20_oversample_noslot_d64_dr0p2_a2_s2,oversample,False,64,0.2,2.0,2,0.06432198833387631,70,0.8988,0.9326,0.2105,0.5716,386,19,52,90,3,90
v20_oversample_noslot_d64_dr0p2_a2_s3,oversample,False,64,0.2,2.0,3,0.06516794297987452,68,0.8963,0.9229,0.3125,0.6177,389,16,49,90,3,90
v20_oversample_noslot_d64_dr0p3_a0p25_s1,oversample,False,64,0.3,0.25,1,0.10535823195599593,146,0.884,0.9117,0.35,0.6308,385,20,47,90,4,90
v20_oversample_noslot_d64_dr0p3_a0p25_s2,oversample,False,64,0.3,0.25,2,0.07309659484487313,166,0.8963,0.9301,0.2105,0.5703,386,19,47,90,4,90
v20_oversample_noslot_d64_dr0p3_a0p25_s3,oversample,False,64,0.3,0.25,3,0.07685720565943764,119,0.8815,0.9023,0.3125,0.6074,389,16,44,90,4,90
v20_oversample_noslot_d64_dr0p3_a0p5_s1,oversample,False,64,0.3,0.5,1,0.09954923004485093,147,0.8914,0.9195,0.35,0.6347,385,20,48,90,5,90
v20_oversample_noslot_d64_dr0p3_a0p5_s2,oversample,False,64,0.3,0.5,2,0.08816118753300263,90,0.8568,0.8964,0.0526,0.4745,386,19,40,90,4,90
v20_oversample_noslot_d64_dr0p3_a0p5_s3,oversample,False,64,0.3,0.5,3,0.06768252471318612,105,0.8864,0.91,0.4375,0.6738,389,16,41,90,1,90
v20_oversample_noslot_d64_dr0p3_a1_s1,oversample,False,64,0.3,1.0,1,0.10190241511624593,111,0.8914,0.9247,0.3,0.6123,385,20,47,90,5,90
v20_oversample_noslot_d64_dr0p3_a1_s2,oversample,False,64,0.3,1.0,2,0.07007740785439427,109,0.8864,0.9197,0.2105,0.5651,386,19,47,90,1,90
v20_oversample_noslot_d64_dr0p3_a1_s3,oversample,False,64,0.3,1.0,3,0.059020031100282304,104,0.8815,0.9023,0.4375,0.6699,389,16,43,90,4,90
v20_oversample_noslot_d64_dr0p3_a2_s1,oversample,False,64,0.3,2.0,1,0.1232009378190224,106,0.8617,0.8883,0.3,0.5942,385,20,37,90,7,90
v20_oversample_noslot_d64_dr0p3_a2_s2,oversample,False,64,0.3,2.0,2,0.07336525604701959,112,0.8642,0.8938,0.2105,0.5522,386,19,45,90,4,90
v20_oversample_noslot_d64_dr0p3_a2_s3,oversample,False,64,0.3,2.0,3,0.06737684250737612,94,0.884,0.91,0.3125,0.6113,389,16,40,90,4,90
v20_oversample_slots_d128_dr0p1_a0p25_s1,oversample,True,128,0.1,0.25,1,0.1386172894674998,82,0.8222,0.8494,0.2,0.5247,385,20,46,90,4,90
v20_oversample_slots_d128_dr0p1_a0p25_s2,oversample,True,128,0.1,0.25,2,0.09730547868933243,132,0.9012,0.9352,0.1579,0.5466,386,19,48,90,0,90
v20_oversample_slots_d128_dr0p1_a0p25_s3,oversample,True,128,0.1,0.25,3,0.11129918622855957,130,0.8889,0.928,0.0625,0.4953,389,16,46,90,2,90
v20_oversample_slots_d128_dr0p1_a0p5_s1,oversample,True,128,0.1,0.5,1,0.11604941664980008,92,0.9062,0.9377,0.25,0.5938,385,20,47,90,3,90
v20_oversample_slots_d128_dr0p1_a0p5_s2,oversample,True,128,0.1,0.5,2,0.10344664852779645,107,0.8963,0.9326,0.1053,0.519,386,19,43,90,1,90
v20_oversample_slots_d128_dr0p1_a0p5_s3,oversample,True,128,0.1,0.5,3,0.0883475954984673,133,0.9358,0.9692,0.25,0.6096,389,16,50,90,2,90
v20_oversample_slots_d128_dr0p1_a1_s1,oversample,True,128,0.1,1.0,1,0.12207553421075527,75,0.9012,0.9325,0.3,0.6162,385,20,52,90,5,90
v20_oversample_slots_d128_dr0p1_a1_s2,oversample,True,128,0.1,1.0,2,0.08692772084703812,109,0.8963,0.9352,0.1053,0.5202,386,19,51,90,1,90
v20_oversample_slots_d128_dr0p1_a1_s3,oversample,True,128,0.1,1.0,3,0.07404511894744176,82,0.9062,0.9409,0.125,0.5329,389,16,51,90,2,90
v20_oversample_slots_d128_dr0p1_a2_s1,oversample,True,128,0.1,2.0,1,0.14246045798063278,53,0.8889,0.9221,0.25,0.586,385,20,46,90,5,90
v20_oversample_slots_d128_dr0p1_a2_s2,oversample,True,128,0.1,2.0,2,0.09011661261320114,51,0.8519,0.886,0.1053,0.4956,386,19,52,90,3,90
v20_oversample_slots_d128_dr0p1_a2_s3,oversample,True,128,0.1,2.0,3,0.09669477986888243,95,0.9012,0.9383,0.1875,0.5629,389,16,48,90,2,90
v20_oversample_slots_d128_dr0p2_a0p25_s1,oversample,True,128,0.2,0.25,1,0.11348641778414066,101,0.9062,0.9403,0.25,0.5951,385,20,47,90,4,90
v20_oversample_slots_d128_dr0p2_a0p25_s2,oversample,True,128,0.2,0.25,2,0.08871349814133002,107,0.9086,0.9482,0.1053,0.5267,386,19,47,90,1,90
v20_oversample_slots_d128_dr0p2_a0p25_s3,oversample,True,128,0.2,0.25,3,0.08391308240019359,112,0.9062,0.9306,0.3125,0.6215,389,16,45,90,2,90
v20_oversample_slots_d128_dr0p2_a0p5_s1,oversample,True,128,0.2,0.5,1,0.1320114300514643,69,0.9012,0.9325,0.35,0.6412,385,20,40,90,3,90
v20_oversample_slots_d128_dr0p2_a0p5_s2,oversample,True,128,0.2,0.5,2,0.08783894325964726,100,0.9309,0.9689,0.1579,0.5634,386,19,47,90,2,90
v20_oversample_slots_d128_dr0p2_a0p5_s3,oversample,True,128,0.2,0.5,3,0.09025178419855925,76,0.9136,0.9383,0.375,0.6567,389,16,47,90,1,90
v20_oversample_slots_d128_dr0p2_a1_s1,oversample,True,128,0.2,1.0,1,0.11897516967012332,83,0.9235,0.9532,0.3,0.6266,385,20,52,90,1,90
v20_oversample_slots_d128_dr0p2_a1_s2,oversample,True,128,0.2,1.0,2,0.07971887705990902,78,0.8815,0.9249,0.0526,0.4888,386,19,50,90,3,90
v20_oversample_slots_d128_dr0p2_a1_s3,oversample,True,128,0.2,1.0,3,0.07719606744985168,75,0.9259,0.9614,0.375,0.6682,389,16,44,90,3,90
v20_oversample_slots_d128_dr0p2_a2_s1,oversample,True,128,0.2,2.0,1,0.1046716609539894,68,0.9111,0.9455,0.25,0.5977,385,20,49,90,4,90
v20_oversample_slots_d128_dr0p2_a2_s2,oversample,True,128,0.2,2.0,2,0.07822834336324237,72,0.916,0.9585,0.1053,0.5319,386,19,48,90,3,90
v20_oversample_slots_d128_dr0p2_a2_s3,oversample,True,128,0.2,2.0,3,0.07847822618742402,98,0.9235,0.9512,0.25,0.6006,389,16,51,90,4,90
v20_oversample_slots_d128_dr0p3_a0p25_s1,oversample,True,128,0.3,0.25,1,0.13956466388817018,93,0.9136,0.9455,0.3,0.6227,385,20,46,90,4,90
v20_oversample_slots_d128_dr0p3_a0p25_s2,oversample,True,128,0.3,0.25,2,0.09564663973063804,114,0.9309,0.9715,0.1053,0.5384,386,19,49,90,1,90
v20_oversample_slots_d128_dr0p3_a0p25_s3,oversample,True,128,0.3,0.25,3,0.09279289927620155,105,0.921,0.9486,0.375,0.6618,389,16,47,90,4,90
v20_oversample_slots_d128_dr0p3_a0p5_s1,oversample,True,128,0.3,0.5,1,0.11198670947207855,65,0.8889,0.9247,0.25,0.5873,385,20,35,90,6,90
v20_oversample_slots_d128_dr0p3_a0p5_s2,oversample,True,128,0.3,0.5,2,0.08435838085670884,84,0.9086,0.9456,0.1053,0.5254,386,19,42,90,5,90
v20_oversample_slots_d128_dr0p3_a0p5_s3,oversample,True,128,0.3,0.5,3,0.08260684041306376,97,0.9383,0.9666,0.3125,0.6395,389,16,47,90,2,90
v20_oversample_slots_d128_dr0p3_a1_s1,oversample,True,128,0.3,1.0,1,0.11500936560332775,58,0.884,0.9143,0.35,0.6321,385,20,41,90,7,90
v20_oversample_slots_d128_dr0p3_a1_s2,oversample,True,128,0.3,1.0,2,0.0818858201472232,64,0.8864,0.9223,0.1053,0.5138,386,19,37,90,4,90
v20_oversample_slots_d128_dr0p3_a1_s3,oversample,True,128,0.3,1.0,3,0.07429713992258677,66,0.9037,0.9306,0.375,0.6528,389,16,41,90,2,90
v20_oversample_slots_d128_dr0p3_a2_s1,oversample,True,128,0.3,2.0,1,0.11189257582792869,82,0.9136,0.9481,0.35,0.649,385,20,41,90,3,90
v20_oversample_slots_d128_dr0p3_a2_s2,oversample,True,128,0.3,2.0,2,0.0817734321507697,64,0.8889,0.9223,0.2105,0.5664,386,19,43,90,4,90
v20_oversample_slots_d128_dr0p3_a2_s3,oversample,True,128,0.3,2.0,3,0.08442131214990066,95,0.9111,0.9434,0.25,0.5967,389,16,43,90,4,90
v20_oversample_slots_d64_dr0p1_a0p25_s1,oversample,True,64,0.1,0.25,1,0.11170323895147213,122,0.9037,0.9377,0.25,0.5938,385,20,48,90,4,90
v20_oversample_slots_d64_dr0p1_a0p25_s2,oversample,True,64,0.1,0.25,2,0.09700017852278855,108,0.8691,0.9067,0.1053,0.506,386,19,47,90,0,90
v20_oversample_slots_d64_dr0p1_a0p25_s3,oversample,True,64,0.1,0.25,3,0.1009446709201886,111,0.8765,0.9049,0.1875,0.5462,389,16,45,90,1,90
v20_oversample_slots_d64_dr0p1_a0p5_s1,oversample,True,64,0.1,0.5,1,0.13180444074364808,148,0.9037,0.9403,0.2,0.5701,385,20,49,90,4,90
v20_oversample_slots_d64_dr0p1_a0p5_s2,oversample,True,64,0.1,0.5,2,0.09733734852992572,76,0.8815,0.9197,0.1053,0.5125,386,19,43,90,1,90
v20_oversample_slots_d64_dr0p1_a0p5_s3,oversample,True,64,0.1,0.5,3,0.09084342511442418,104,0.8963,0.928,0.125,0.5265,389,16,49,90,2,90
v20_oversample_slots_d64_dr0p1_a1_s1,oversample,True,64,0.1,1.0,1,0.12650501212248436,82,0.8765,0.9039,0.4,0.6519,385,20,54,90,2,90
v20_oversample_slots_d64_dr0p1_a1_s2,oversample,True,64,0.1,1.0,2,0.10046789845308432,103,0.9086,0.9482,0.1053,0.5267,386,19,49,90,0,90
v20_oversample_slots_d64_dr0p1_a1_s3,oversample,True,64,0.1,1.0,3,0.08603193908213423,74,0.8914,0.9229,0.125,0.5239,389,16,47,90,1,90
v20_oversample_slots_d64_dr0p1_a2_s1,oversample,True,64,0.1,2.0,1,0.13226693811324927,52,0.8494,0.8779,0.3,0.589,385,20,42,90,6,90
v20_oversample_slots_d64_dr0p1_a2_s2,oversample,True,64,0.1,2.0,2,0.0898229913212932,66,0.8543,0.8912,0.1053,0.4982,386,19,49,90,1,90
v20_oversample_slots_d64_dr0p1_a2_s3,oversample,True,64,0.1,2.0,3,0.08469863207294391,103,0.879,0.9152,0.0,0.4576,389,16,57,90,2,90
v20_oversample_slots_d64_dr0p2_a0p25_s1,oversample,True,64,0.2,0.25,1,0.11185837895251237,127,0.9062,0.9403,0.25,0.5951,385,20,43,90,6,90
v20_oversample_slots_d64_dr0p2_a0p25_s2,oversample,True,64,0.2,0.25,2,0.07580136303574993,108,0.9136,0.9508,0.1053,0.528,386,19,48,90,3,90
v20_oversample_slots_d64_dr0p2_a0p25_s3,oversample,True,64,0.2,0.25,3,0.0977710598649887,92,0.9062,0.9409,0.25,0.5954,389,16,43,90,2,90
v20_oversample_slots_d64_dr0p2_a0p5_s1,oversample,True,64,0.2,0.5,1,0.11800235796433228,130,0.9037,0.9377,0.25,0.5938,385,20,46,90,6,90
v20_oversample_slots_d64_dr0p2_a0p5_s2,oversample,True,64,0.2,0.5,2,0.07158174784854054,83,0.9259,0.9637,0.1579,0.5608,386,19,48,90,2,90
v20_oversample_slots_d64_dr0p2_a0p5_s3,oversample,True,64,0.2,0.5,3,0.08193941407192212,85,0.9309,0.9563,0.3125,0.6344,389,16,48,90,2,90
v20_oversample_slots_d64_dr0p2_a1_s1,oversample,True,64,0.2,1.0,1,0.11307729981266536,86,0.8543,0.8883,0.25,0.5692,385,20,46,90,5,90
v20_oversample_slots_d64_dr0p2_a1_s2,oversample,True,64,0.2,1.0,2,0.08052859052370948,105,0.884,0.9197,0.1579,0.5388,386,19,43,90,5,90
v20_oversample_slots_d64_dr0p2_a1_s3,oversample,True,64,0.2,1.0,3,0.077091742414408,99,0.9136,0.9357,0.3125,0.6241,389,16,49,90,2,90
v20_oversample_slots_d64_dr0p2_a2_s1,oversample,True,64,0.2,2.0,1,0.1140840221196413,159,0.9062,0.9429,0.2,0.5714,385,20,48,90,3,90
v20_oversample_slots_d64_dr0p2_a2_s2,oversample,True,64,0.2,2.0,2,0.08315754782121915,76,0.8272,0.8627,0.1053,0.484,386,19,44,90,4,90
v20_oversample_slots_d64_dr0p2_a2_s3,oversample,True,64,0.2,2.0,3,0.08089780886299335,99,0.8988,0.9254,0.25,0.5877,389,16,45,90,4,90
v20_oversample_slots_d64_dr0p3_a0p25_s1,oversample,True,64,0.3,0.25,1,0.11606418269758041,102,0.8444,0.8753,0.25,0.5627,385,20,43,90,4,90
v20_oversample_slots_d64_dr0p3_a0p25_s2,oversample,True,64,0.3,0.25,2,0.08287253875571948,127,0.8765,0.9145,0.1579,0.5362,386,19,37,90,3,90
v20_oversample_slots_d64_dr0p3_a0p25_s3,oversample,True,64,0.3,0.25,3,0.08115995188172047,123,0.8889,0.9177,0.1875,0.5526,389,16,43,90,6,90
v20_oversample_slots_d64_dr0p3_a0p5_s1,oversample,True,64,0.3,0.5,1,0.12712099489111167,81,0.8963,0.9221,0.3,0.611,385,20,46,90,7,90
v20_oversample_slots_d64_dr0p3_a0p5_s2,oversample,True,64,0.3,0.5,2,0.07535545707035524,83,0.9012,0.9378,0.2105,0.5742,386,19,39,90,7,90
v20_oversample_slots_d64_dr0p3_a0p5_s3,oversample,True,64,0.3,0.5,3,0.0775270421917622,98,0.8444,0.874,0.25,0.562,389,16,37,90,10,90
v20_oversample_slots_d64_dr0p3_a1_s1,oversample,True,64,0.3,1.0,1,0.13588395084326083,85,0.8593,0.8909,0.3,0.5955,385,20,40,90,5,90
v20_oversample_slots_d64_dr0p3_a1_s2,oversample,True,64,0.3,1.0,2,0.07257869746536016,86,0.8667,0.9016,0.2105,0.556,386,19,37,90,7,90
v20_oversample_slots_d64_dr0p3_a1_s3,oversample,True,64,0.3,1.0,3,0.08560585201932834,124,0.8716,0.8997,0.3125,0.6061,389,16,43,90,5,90
v20_oversample_slots_d64_dr0p3_a2_s1,oversample,True,64,0.3,2.0,1,0.1335150393155905,103,0.8642,0.8961,0.3,0.5981,385,20,39,90,6,90
v20_oversample_slots_d64_dr0p3_a2_s2,oversample,True,64,0.3,2.0,2,0.08467856794595718,94,0.842,0.8756,0.1579,0.5168,386,19,42,90,5,90
v20_oversample_slots_d64_dr0p3_a2_s3,oversample,True,64,0.3,2.0,3,0.0656048828879228,97,0.9086,0.9383,0.3125,0.6254,389,16,40,90,7,90
v20_slots_d128_dr0p1_a0p25_s1,natural,True,128,0.1,0.25,1,0.145849727667295,159,0.8444,0.8779,0.2,0.539,385,20,51,90,0,90
v20_slots_d128_dr0p1_a0p25_s2,natural,True,128,0.1,0.25,2,0.1485867013151829,108,0.7753,0.8083,0.1053,0.4568,386,19,41,90,0,90
v20_slots_d128_dr0p1_a0p25_s3,natural,True,128,0.1,0.25,3,0.12505565139536673,148,0.8321,0.8612,0.125,0.4931,389,16,46,90,1,90
v20_slots_d128_dr0p1_a0p5_s1,natural,True,128,0.1,0.5,1,0.12504571303725243,99,0.8765,0.9117,0.2,0.5558,385,20,49,90,3,90
v20_slots_d128_dr0p1_a0p5_s2,natural,True,128,0.1,0.5,2,0.10808188396577652,131,0.8568,0.8938,0.1053,0.4995,386,19,42,90,2,90
v20_slots_d128_dr0p1_a0p5_s3,natural,True,128,0.1,0.5,3,0.11000969404211411,153,0.884,0.9177,0.0625,0.4901,389,16,43,90,1,90
v20_slots_d128_dr0p1_a1_s1,natural,True,128,0.1,1.0,1,0.11486881598830223,83,0.8864,0.9221,0.2,0.561,385,20,52,90,5,90
v20_slots_d128_dr0p1_a1_s2,natural,True,128,0.1,1.0,2,0.09263015169507036,101,0.8765,0.9145,0.1053,0.5099,386,19,52,90,0,90
v20_slots_d128_dr0p1_a1_s3,natural,True,128,0.1,1.0,3,0.08405907946423842,75,0.884,0.9203,0.0,0.4602,389,16,55,90,1,90
v20_slots_d128_dr0p1_a2_s1,natural,True,128,0.1,2.0,1,0.11147935745807794,40,0.9062,0.9429,0.2,0.5714,385,20,53,90,4,90
v20_slots_d128_dr0p1_a2_s2,natural,True,128,0.1,2.0,2,0.08351312155047289,77,0.8963,0.9352,0.1053,0.5202,386,19,57,90,1,90
v20_slots_d128_dr0p1_a2_s3,natural,True,128,0.1,2.0,3,0.083525100006507,60,0.8741,0.9152,0.0,0.4576,389,16,50,90,2,90
v20_slots_d128_dr0p2_a0p25_s1,natural,True,128,0.2,0.25,1,0.11759393920118992,124,0.8914,0.9195,0.2,0.5597,385,20,49,90,3,90
v20_slots_d128_dr0p2_a0p25_s2,natural,True,128,0.2,0.25,2,0.10985423452579059,103,0.8222,0.8601,0.1053,0.4827,386,19,40,90,1,90
v20_slots_d128_dr0p2_a0p25_s3,natural,True,128,0.2,0.25,3,0.09062499244912313,162,0.8963,0.9332,0.0,0.4666,389,16,52,90,1,90
v20_slots_d128_dr0p2_a0p5_s1,natural,True,128,0.2,0.5,1,0.11332267035658543,118,0.9086,0.9403,0.25,0.5951,385,20,51,90,2,90
v20_slots_d128_dr0p2_a0p5_s2,natural,True,128,0.2,0.5,2,0.0816296749533369,149,0.9111,0.9508,0.1053,0.528,386,19,54,90,0,90
v20_slots_d128_dr0p2_a0p5_s3,natural,True,128,0.2,0.5,3,0.0792971676788651,122,0.8914,0.928,0.0,0.464,389,16,53,90,1,90
v20_slots_d128_dr0p2_a1_s1,natural,True,128,0.2,1.0,1,0.0867453939639605,80,0.9086,0.9455,0.25,0.5977,385,20,46,90,3,90
v20_slots_d128_dr0p2_a1_s2,natural,True,128,0.2,1.0,2,0.08493527254232994,81,0.8815,0.9197,0.1053,0.5125,386,19,52,90,0,90
v20_slots_d128_dr0p2_a1_s3,natural,True,128,0.2,1.0,3,0.06946569681167603,94,0.9136,0.9512,0.125,0.5381,389,16,52,90,4,90
v20_slots_d128_dr0p2_a2_s1,natural,True,128,0.2,2.0,1,0.09735291264951229,100,0.9333,0.9636,0.25,0.6068,385,20,61,90,0,90
v20_slots_d128_dr0p2_a2_s2,natural,True,128,0.2,2.0,2,0.06874892040370749,101,0.9284,0.9689,0.1053,0.5371,386,19,53,90,0,90
v20_slots_d128_dr0p2_a2_s3,natural,True,128,0.2,2.0,3,0.06782450251137981,103,0.9136,0.9486,0.125,0.5368,389,16,54,90,0,90
v20_slots_d128_dr0p3_a0p25_s1,natural,True,128,0.3,0.25,1,0.12011053441808774,136,0.8691,0.9091,0.2,0.5545,385,20,49,90,0,90
v20_slots_d128_dr0p3_a0p25_s2,natural,True,128,0.3,0.25,2,0.08151109122599547,160,0.879,0.9171,0.1579,0.5375,386,19,47,90,2,90
v20_slots_d128_dr0p3_a0p25_s3,natural,True,128,0.3,0.25,3,0.07683228328824043,112,0.8889,0.9203,0.125,0.5227,389,16,48,90,1,90
v20_slots_d128_dr0p3_a0p5_s1,natural,True,128,0.3,0.5,1,0.09697967108625632,119,0.9086,0.9377,0.3,0.6188,385,20,50,90,2,90
v20_slots_d128_dr0p3_a0p5_s2,natural,True,128,0.3,0.5,2,0.07602392387791322,123,0.8963,0.9352,0.1053,0.5202,386,19,52,90,1,90
v20_slots_d128_dr0p3_a0p5_s3,natural,True,128,0.3,0.5,3,0.06982195821519081,123,0.9333,0.9743,0.0,0.4871,389,16,52,90,1,90
v20_slots_d128_dr0p3_a1_s1,natural,True,128,0.3,1.0,1,0.08525686725400962,108,0.9259,0.9558,0.3,0.6279,385,20,56,90,1,90
v20_slots_d128_dr0p3_a1_s2,natural,True,128,0.3,1.0,2,0.05887648739063969,98,0.9111,0.9508,0.1053,0.528,386,19,50,90,0,90
v20_slots_d128_dr0p3_a1_s3,natural,True,128,0.3,1.0,3,0.05839354895914976,113,0.9358,0.9717,0.0625,0.5171,389,16,56,90,1,90
v20_slots_d128_dr0p3_a2_s1,natural,True,128,0.3,2.0,1,0.08299806491973308,103,0.9086,0.9455,0.25,0.5977,385,20,53,90,2,90
v20_slots_d128_dr0p3_a2_s2,natural,True,128,0.3,2.0,2,0.06805555594082062,119,0.916,0.956,0.1053,0.5306,386,19,52,90,3,90
v20_slots_d128_dr0p3_a2_s3,natural,True,128,0.3,2.0,3,0.054833248329277225,102,0.921,0.9512,0.125,0.5381,389,16,45,90,2,90
v20_slots_d64_dr0p1_a0p25_s1,natural,True,64,0.1,0.25,1,0.12023153886772119,117,0.8691,0.8935,0.2,0.5468,385,20,48,90,0,90
v20_slots_d64_dr0p1_a0p25_s2,natural,True,64,0.1,0.25,2,0.10063747803752239,156,0.8667,0.9067,0.1053,0.506,386,19,47,90,1,90
v20_slots_d64_dr0p1_a0p25_s3,natural,True,64,0.1,0.25,3,0.11954960671181862,126,0.8519,0.8895,0.0,0.4447,389,16,49,90,1,90
v20_slots_d64_dr0p1_a0p5_s1,natural,True,64,0.1,0.5,1,0.10769039994248977,132,0.9086,0.9429,0.25,0.5964,385,20,54,90,4,90
v20_slots_d64_dr0p1_a0p5_s2,natural,True,64,0.1,0.5,2,0.08891298621892929,152,0.8716,0.9067,0.1053,0.506,386,19,52,90,2,90
v20_slots_d64_dr0p1_a0p5_s3,natural,True,64,0.1,0.5,3,0.08117590772990997,126,0.9062,0.9409,0.125,0.5329,389,16,53,90,2,90
v20_slots_d64_dr0p1_a1_s1,natural,True,64,0.1,1.0,1,0.09295711021583813,101,0.9012,0.9351,0.2,0.5675,385,20,54,90,2,90
v20_slots_d64_dr0p1_a1_s2,natural,True,64,0.1,1.0,2,0.06648340398589006,116,0.8889,0.9223,0.1053,0.5138,386,19,55,90,3,90
v20_slots_d64_dr0p1_a1_s3,natural,True,64,0.1,1.0,3,0.07139058883946675,106,0.9086,0.946,0.0625,0.5043,389,16,54,90,2,90
v20_slots_d64_dr0p1_a2_s1,natural,True,64,0.1,2.0,1,0.07687212039644901,71,0.9259,0.9584,0.25,0.6042,385,20,46,90,3,90
v20_slots_d64_dr0p1_a2_s2,natural,True,64,0.1,2.0,2,0.07238618667738941,90,0.9111,0.9508,0.1053,0.528,386,19,59,90,0,90
v20_slots_d64_dr0p1_a2_s3,natural,True,64,0.1,2.0,3,0.07290616674491993,96,0.9012,0.9383,0.0625,0.5004,389,16,58,90,1,90
v20_slots_d64_dr0p2_a0p25_s1,natural,True,64,0.2,0.25,1,0.09312897347486936,175,0.9185,0.9532,0.25,0.6016,385,20,52,90,0,90
v20_slots_d64_dr0p2_a0p25_s2,natural,True,64,0.2,0.25,2,0.08571156622985235,150,0.8938,0.9326,0.1053,0.519,386,19,47,90,0,90
v20_slots_d64_dr0p2_a0p25_s3,natural,True,64,0.2,0.25,3,0.07657462193702276,162,0.9062,0.9434,0.125,0.5342,389,16,51,90,1,90
v20_slots_d64_dr0p2_a0p5_s1,natural,True,64,0.2,0.5,1,0.09842977887735917,129,0.9062,0.9403,0.3,0.6201,385,20,55,90,1,90
v20_slots_d64_dr0p2_a0p5_s2,natural,True,64,0.2,0.5,2,0.06700047406439598,132,0.916,0.9585,0.1053,0.5319,386,19,53,90,0,90
v20_slots_d64_dr0p2_a0p5_s3,natural,True,64,0.2,0.5,3,0.0751502624927805,141,0.916,0.9537,0.0,0.4769,389,16,57,90,1,90
v20_slots_d64_dr0p2_a1_s1,natural,True,64,0.2,1.0,1,0.09204871537020573,102,0.9358,0.9688,0.25,0.6094,385,20,52,90,3,90
v20_slots_d64_dr0p2_a1_s2,natural,True,64,0.2,1.0,2,0.0570835003342766,120,0.9111,0.956,0.1053,0.5306,386,19,56,90,0,90
v20_slots_d64_dr0p2_a1_s3,natural,True,64,0.2,1.0,3,0.06150050934117574,119,0.9333,0.9717,0.0,0.4859,389,16,61,90,1,90
v20_slots_d64_dr0p2_a2_s1,natural,True,64,0.2,2.0,1,0.09000482711081322,100,0.9259,0.9662,0.2,0.5831,385,20,57,90,1,90
v20_slots_d64_dr0p2_a2_s2,natural,True,64,0.2,2.0,2,0.0449342866643117,94,0.9185,0.9611,0.1053,0.5332,386,19,55,90,0,90
v20_slots_d64_dr0p2_a2_s3,natural,True,64,0.2,2.0,3,0.056176937041947476,91,0.9185,0.9589,0.0,0.4794,389,16,57,90,1,90
v20_slots_d64_dr0p3_a0p25_s1,natural,True,64,0.3,0.25,1,0.10670849272551444,153,0.9086,0.9481,0.2,0.574,385,20,49,90,0,90
v20_slots_d64_dr0p3_a0p25_s2,natural,True,64,0.3,0.25,2,0.07199295638845517,174,0.8889,0.9301,0.0526,0.4913,386,19,49,90,0,90
v20_slots_d64_dr0p3_a0p25_s3,natural,True,64,0.3,0.25,3,0.06959296111017466,182,0.9284,0.9666,0.0,0.4833,389,16,54,90,1,90
v20_slots_d64_dr0p3_a0p5_s1,natural,True,64,0.3,0.5,1,0.0919763852770512,130,0.9235,0.9584,0.3,0.6292,385,20,53,90,0,90
v20_slots_d64_dr0p3_a0p5_s2,natural,True,64,0.3,0.5,2,0.06420470415972747,186,0.9284,0.9689,0.1053,0.5371,386,19,56,90,1,90
v20_slots_d64_dr0p3_a0p5_s3,natural,True,64,0.3,0.5,3,0.06817124540416095,150,0.9284,0.9666,0.0,0.4833,389,16,52,90,0,90
v20_slots_d64_dr0p3_a1_s1,natural,True,64,0.3,1.0,1,0.08057549810753419,101,0.9358,0.9792,0.2,0.5896,385,20,53,90,0,90
v20_slots_d64_dr0p3_a1_s2,natural,True,64,0.3,1.0,2,0.06313773567000261,123,0.9086,0.9482,0.1053,0.5267,386,19,49,90,1,90
v20_slots_d64_dr0p3_a1_s3,natural,True,64,0.3,1.0,3,0.06603411534944406,137,0.921,0.9589,0.0,0.4794,389,16,54,90,1,90
v20_slots_d64_dr0p3_a2_s1,natural,True,64,0.3,2.0,1,0.079082557788262,97,0.921,0.9584,0.2,0.5792,385,20,56,90,1,90
v20_slots_d64_dr0p3_a2_s2,natural,True,64,0.3,2.0,2,0.06631789879443553,93,0.9086,0.9508,0.1053,0.528,386,19,56,90,1,90
v20_slots_d64_dr0p3_a2_s3,natural,True,64,0.3,2.0,3,0.05377259940052262,138,0.921,0.964,0.0,0.482,389,16,52,90,2,90
